Executable,Stack Allocs,Stack Inspector Runs,Heap Allocs,Heap Frees,Summary Bytes Allocated,Average Bytes Per Allocation,Valgrind Runs,Valgrind Error Summary,Stack Allocs Fraction,Heap Allocs Fraction,Executable Size,Elapsed Time,Status
./repos/c/cmark/build/api_test/api_test,71395.0,1.0,1938.0,1938.0,240883.0,124.29463364293086,1.0,0.0,0.9735726071482144,0.0264273928517856,208552.0,6.288578271865845,True
AVERAGE,71395.0,1.0,1938.0,1938.0,240883.0,124.29463364293086,1.0,0.0,0.9735726071482144,0.0264273928517856,208552.0,6.288578271865845,1.0
SUM,71395.0,1.0,1938.0,1938.0,240883.0,124.29463364293086,1.0,0.0,0.9735726071482144,0.0264273928517856,208552.0,6.288578271865845,1.0
