Executable,Stack Allocs,Stack Inspector Runs,Heap Allocs,Heap Frees,Summary Bytes Allocated,Average Bytes Per Allocation,Valgrind Runs,Valgrind Error Summary,Stack Allocs Fraction,Heap Allocs Fraction,Executable Size,Elapsed Time,Status,Reason
./repos/c/cmark/build/api_test/api_test,70999.0,1.0,1937.0,1937.0,167155.0,86.29581827568403,1.0,0.0,0.973442470110782,0.0265575298892179,203520.0,1.1795027256011963,True,
AVERAGE,70999.0,1.0,1937.0,1937.0,167155.0,86.29581827568403,1.0,0.0,0.973442470110782,0.0265575298892179,203520.0,1.1795027256011963,1.0,
SUM,70999.0,1.0,1937.0,1937.0,167155.0,86.29581827568403,1.0,0.0,0.973442470110782,0.0265575298892179,203520.0,1.1795027256011963,1.0,
