Executable,Stack Allocs,Stack Inspector Runs,Heap Allocs,Heap Frees,Summary Bytes Allocated,Average Bytes Per Allocation,Valgrind Runs,Valgrind Error Summary,Stack Allocs Fraction,Heap Allocs Fraction,Executable Size,Elapsed Time,Status,Reason
./repos/c/fastfetch/build/fastfetch,34276.0,2.0,348.0,325.0,3608853.0,10370.26724137931,1.0,2.0,0.989949168207024,0.0100508317929759,6509704.0,3.4785759449005127,True,
./repos/c/fastfetch/build/flashfetch,33656.0,2.0,339.0,316.0,3604821.0,10633.690265486726,1.0,2.0,0.9900279452860716,0.0099720547139285,5714368.0,3.082615852355957,True,
AVERAGE,33966.0,2.0,343.5,320.5,3606837.0,10501.978753433017,1.0,2.0,0.9899885567465478,0.0100114432534522,6112036.0,3.280595898628235,1.0,
SUM,67932.0,4.0,687.0,641.0,7213674.0,21003.957506866034,2.0,4.0,1.9799771134930957,0.0200228865069044,12224072.0,6.56119179725647,2.0,
