Executable,Stack Allocs,Stack Inspector Runs,Heap Allocs,Heap Frees,Summary Bytes Allocated,Average Bytes Per Allocation,Valgrind Runs,Valgrind Error Summary,Stack Allocs Fraction,Heap Allocs Fraction,Executable Size,Elapsed Time
./repos/c/fastfetch/build/fastfetch,30803.0,2.0,335.0,314.0,2048297.0,6114.31940298508,1.0,1.0,0.989241441325711,0.0107585586742887,6402096.0,4.07126188278198
./repos/c/fastfetch/build/flashfetch,30119.0,2.0,326.0,305.0,2044265.0,6270.75153374233,1.0,1.0,0.989292166201347,0.0107078337986533,5660984.0,4.01262211799622
AVERAGE,30461.0,2.0,330.5,309.5,2046281.0,6192.535468363705,1.0,1.0,0.989266803763529,0.010733196236471,6031540.0,4.0419420003891
SUM,60922.0,4.0,661.0,619.0,4092562.0,12385.07093672741,2.0,2.0,1.978533607527058,0.021466392472942,12063080.0,8.0838840007782
