Repository Name, Num Of Executables,AVG Heap Allocs Fraction,AVG  Heap Allocs Summary
cJSON,19,0.0341093028188103,0.0015518857812065
dynamorio,173,0.0105971650084366,6.35E-06
jq,2,0.0232682203300858,0.0232337611306901
libevent,2,?,?
libuv,3,?,?
minmalloc,3,0.082938933444801,0.216393660844589
nanomsg,50,0.142298782579037,0.0339452941308958
openssl,296,0.151340932097757,0.00169478893375266
s2n-tls,260,0.81570130502364,0.0141015546961441
AVERAGE,,0.180036377328938,0.0415610423236277
