Executable,Stack Allocs,Stack Inspector Runs,Heap Allocs,Heap Frees,Summary Bytes Allocated,Average Bytes Per Allocation,Valgrind Runs,Valgrind Error Summary,Stack Allocs Fraction,Heap Allocs Fraction,Executable Size,Elapsed Time
jq/tests/1_run_mantest,68587635,2,1641292,1641286,227136459,138.3888174681897,2,0,0.97662940229743223,0.023370597702567775,24944,15.39210844039917
jq/tests/1_run_jqtest,138214326,2,3277784,3277783,455643204,139.00952716835522,2,0,0.97683415704239618,0.023165842957603783,24944,21.59075379371643
