Executable,Stack Allocs,Stack Inspector Runs,Heap Allocs,Heap Frees,Summary Bytes Allocated,Average Bytes Per Allocation,Valgrind Runs,Valgrind Error Summary,Stack Allocs Fraction,Heap Allocs Fraction,Executable Size,Elapsed Time
jq/tests/1_run_mantest,68587635,2,1641292,1641286,227136459,138.38881746819,2,0,0.976629402297432,0.0233705977025678,24944,15.3921084403992
jq/tests/1_run_jqtest,138214326,2,3277784,3277783,455643204,139.009527168355,2,0,0.976834157042396,0.0231658429576038,24944,21.5907537937164
AVERAGE,,,,,,,,,,0.0232682203300858,,
,,,,,,,,,,0.0232337611306901,,
