Executable,Stack Allocs,Stack Inspector Runs,Heap Allocs,Heap Frees,Summary Bytes Allocated,Average Bytes Per Allocation,Valgrind Runs,Valgrind Error Summary,Stack Allocs Fraction,Heap Allocs Fraction,Executable Size,Elapsed Time,Status
jq/tests/1_run_mantest,68587635.0,2.0,1641292.0,1641286.0,227136459.0,138.38881746819,2.0,0.0,0.976629402297432,0.0233705977025678,24944.0,15.3921084403992,
jq/tests/1_run_jqtest,138214326.0,2.0,3277784.0,3277783.0,455643204.0,139.009527168355,2.0,0.0,0.976834157042396,0.0231658429576038,24944.0,21.5907537937164,
AVERAGE,103400980.5,2.0,2459538.0,2459534.5,341389831.5,138.6991723182725,2.0,0.0,0.976731779669914,0.023268220330085798,24944.0,18.4914311170578,
SUM,206801961.0,4.0,4919076.0,4919069.0,682779663.0,277.398344636545,4.0,0.0,1.953463559339828,0.046536440660171596,49888.0,36.9828622341156,0.0
