Executable,Stack Allocs,Stack Inspector Runs,Heap Allocs,Heap Frees,Summary Bytes Allocated,Average Bytes Per Allocation,Valgrind Runs,Valgrind Error Summary,Stack Allocs Fraction,Heap Allocs Fraction,Executable Size,Elapsed Time
./repos/c/zip/build/test/test_static.out,189,1,1,1,4096,4096,1,0,0.99473684210526314,0.005263157894736842,26304,6.7905778884887695
./repos/c/zip/build/test/test_write.out,1009,1,46,46,992473,21575.5,1,0,0.95639810426540284,0.043601895734597156,200088,5.015780448913574
./repos/c/zip/build/test/test_append.out,1581,1,59,59,1308682,22181.050847457627,1,0,0.96402439024390241,0.035975609756097558,199960,4.688689470291138
./repos/c/zip/build/test/test_read.out,2906,1,106,106,1310645,12364.575471698114,1,0,0.96480743691899074,0.0351925630810093,199992,5.01845383644104
./repos/c/zip/build/test/test_extract.out,4300,1,158,158,1885720,11934.93670886076,1,0,0.96455809780170476,0.035441902198295197,200320,5.179954528808594
./repos/c/zip/build/test/test_entry.out,23658,1,671,671,6854355,10215.134128166916,1,0,0.97241974598216119,0.027580254017838795,217232,5.7769083976745605
./repos/c/zip/build/test/test_permissions.out,2435,1,118,118,797544,6758.8474576271183,1,0,0.95377986682334503,0.046220133176654916,200384,5.24847149848938
./repos/c/zip/build/test/test_open.out,341,1,16,16,1617320,101082.5,1,0,0.9551820728291317,0.044817927170868348,200048,4.916002035140991
