Repository Name, Num Of Executables,AVG Heap Allocs Fraction,AVG  Heap Allocs Summary
benchmark,40,0.0453991744958157,0.00423778897759319
fmt,20,0.0315068519994125,0.00652269999849062
json,75,0.00235615145376321,0.000565097130823786
leveldb,3,0.00751695775314716,0.015018987397851
MyTinySTL,1,0.0723472669320788,0.0723472669320788
spdlog,2,0.0927274411713348,0.0452892500987486
AVERAGE,,0.0359013153746947,0.0239968484225977
