Executable,Stack Allocs,Stack Inspector Runs,Heap Allocs,Heap Frees,Summary Bytes Allocated,Average Bytes Per Allocation,Valgrind Runs,Valgrind Error Summary,Stack Allocs Fraction,Heap Allocs Fraction,Executable Size,Elapsed Time
leveldb/build/db_bench,3921509745,1,60901144,60901140,1555024875,25.5335905512711,1,0,0.984707468491456,0.0152925315085437,388936,958.550206184387
leveldb/build/c_test,6570897,1,47863,47859,10381484,216.899985374924,1,0,0.992768585052185,0.007231414947815,376376,8.77430272102356
leveldb/build/env_posix_test,69222841,7,1864,1862,1314117,704.99839055794,7,0,0.999973073196917,2.69268030828011E-05,673248,21.0459339618683
AVERAGE,,,,,,,,,,0.00751695775314716,,
,,,,,,,,,,0.015018987397851,,
