Executable,Stack Allocs,Stack Inspector Runs,Heap Allocs,Heap Frees,Summary Bytes Allocated,Average Bytes Per Allocation,Valgrind Runs,Valgrind Error Summary,Stack Allocs Fraction,Heap Allocs Fraction,Executable Size,Elapsed Time
leveldb/build/db_bench,3921509745,1,60901144,60901140,1555024875,25.533590551271089,1,0,0.98470746849145629,0.015292531508543693,388936,958.5502061843872
leveldb/build/c_test,6570897,1,47863,47859,10381484,216.89998537492426,1,0,0.99276858505218502,0.0072314149478149986,376376,8.77430272102356
leveldb/build/env_posix_test,69222841,7,1864,1862,1314117,704.99839055793996,7,0,0.99997307319691719,2.6926803082801146e-05,673248,21.045933961868286
