Executable,Stack Allocs,Stack Inspector Runs,Heap Allocs,Heap Frees,Summary Bytes Allocated,Average Bytes Per Allocation,Valgrind Runs,Valgrind Error Summary,Stack Allocs Fraction,Heap Allocs Fraction,Executable Size,Elapsed Time,Status,Reason
./repos/c++/leveldb/build/db_bench,27109404426.0,1.0,60901210.0,60901206.0,1558516591.0,25.590896978894172,1.0,0.0,0.9977585379120908,0.0022414620879092,783248.0,3777.034061908722,1.0,
./repos/c++/leveldb/build/c_test,49075434.0,1.0,48179.0,48175.0,10509689.0,218.1383797920256,1.0,0.0,0.9990192293062808,0.0009807706937191,783256.0,9.515056133270264,1.0,
./repos/c++/leveldb/build/env_posix_test,742575483.0,7.0,1768.0,1766.0,1314243.0,743.3501131221718,7.0,0.0,0.9999976191029316,2.380897068445205e-06,1478256.0,23.54604196548462,1.0,
AVERAGE,,,,,,,,,,,,,,
SUM,0.0,0.0,0.0,0.0,0.0,0.0,0.0,0.0,0.0,0.0,0.0,0.0,0.0,
