Executable,Stack Allocs,Stack Inspector Runs,Heap Allocs,Heap Frees,Summary Bytes Allocated,Average Bytes Per Allocation,Valgrind Runs,Valgrind Error Summary,Stack Allocs Fraction,Heap Allocs Fraction,Executable Size,Elapsed Time,Status,Reason
./repos/c++/leveldb/build/db_bench,27109404426,1,60901210,60901206,1558516591,25.590896978894179,1,0,0.99775853791209079,0.0022414620879092125,783248,3777.034061908722,True
./repos/c++/leveldb/build/c_test,49075434,1,48179,48175,10509689,218.13837979202557,1,0,0.99901922930628084,0.00098077069371912853,783256,9.515056133270264,True
./repos/c++/leveldb/build/env_posix_test,742575483,7,1768,1766,1314243,743.35011312217193,7,0,0.9999976191029315,2.3808970684452059e-06,1478256,23.54604196548462,True
