Executable,Stack Allocs,Stack Inspector Runs,Heap Allocs,Heap Frees,Summary Bytes Allocated,Average Bytes Per Allocation,Valgrind Runs,Valgrind Error Summary,Stack Allocs Fraction,Heap Allocs Fraction,Executable Size,Elapsed Time
./repos/c++/leveldb/build/db_bench,3992798370,1,60901338,60901334,1556472210,25.557274455940526,1,0,0.98497635681305873,0.015023643186941266,388936,954.3818900585175
./repos/c++/leveldb/build/c_test,6592378,1,47863,47859,10381484,216.89998537492426,1,0,0.99279197848391343,0.00720802151608654,376376,4.532781600952148
./repos/c++/leveldb/build/env_posix_test,69222841,7,1816,1814,1313199,723.12720264317181,7,0,0.99997376657279791,2.6233427202102281e-05,673248,16.409520149230957
