Executable,Stack Allocs,Stack Inspector Runs,Heap Allocs,Heap Frees,Summary Bytes Allocated,Average Bytes Per Allocation,Valgrind Runs,Valgrind Error Summary,Stack Allocs Fraction,Heap Allocs Fraction,Executable Size,Elapsed Time
./repos/c++/leveldb/build/db_bench,3992798370.0,1.0,60901338.0,60901334.0,1556472210.0,25.5572744559405,1.0,0.0,0.984976356813059,0.0150236431869413,388936.0,954.381890058518
./repos/c++/leveldb/build/c_test,6592378.0,1.0,47863.0,47859.0,10381484.0,216.899985374924,1.0,0.0,0.992791978483913,0.0072080215160865,376376.0,4.53278160095215
./repos/c++/leveldb/build/env_posix_test,69222841.0,7.0,1816.0,1814.0,1313199.0,723.127202643172,7.0,0.0,0.999973766572798,2.62334272021023e-05,673248.0,16.409520149231
AVERAGE,1356204529.6666667,3.0,20317005.666666668,20317002.333333332,522722297.6666667,321.8614874913455,3.0,0.0,0.9925807006232567,0.0074192993767433005,479520.0,325.1080639362337
SUM,4068613589.0,9.0,60951017.0,60951007.0,1568166893.0,965.5844624740365,9.0,0.0,2.97774210186977,0.0222578981302299,1438560.0,975.3241918087011
