Executable,Stack Allocs,Stack Inspector Runs,Heap Allocs,Heap Frees,Summary Bytes Allocated,Average Bytes Per Allocation,Valgrind Runs,Valgrind Error Summary,Stack Allocs Fraction,Heap Allocs Fraction,Executable Size,Elapsed Time
spdlog/build/tests/spdlog-utests,4088628,33,181729,181729,18462694,101.594649175421,33,0,0.95744407317702,0.0425559268229799,2558728,61.25825548172
spdlog/build/example/example,102493,1,17088,17088,4259331,249.25860252809,1,0,0.85710104448031,0.14289895551969,688248,2.41427111625671
AVERAGE,,,,,,,,,,0.0927274411713348,,
,,,,,,,,,,0.0452892500987486,,
