Executable,Stack Allocs,Stack Inspector Runs,Heap Allocs,Heap Frees,Summary Bytes Allocated,Average Bytes Per Allocation,Valgrind Runs,Valgrind Error Summary,Stack Allocs Fraction,Heap Allocs Fraction,Executable Size,Elapsed Time,Status,Reason
./repos/c++/spdlog/build/tests/spdlog-utests,4311246.0,65.0,172985.0,170261.0,18468113.0,106.76135503078302,65.0,0.0,0.96142370899269,0.0385762910073098,2745384.0,71.11652302742004,True,
./repos/c++/spdlog/build/example/example,105853.0,1.0,17088.0,17088.0,4259331.0,249.25860252808988,1.0,0.0,0.861006499052391,0.138993500947609,731152.0,1.660633563995361,True,
AVERAGE,2208549.5,33.0,95036.5,93674.5,11363722.0,178.00997877943644,33.0,0.0,0.9112151040225405,0.08878489597745941,1738268.0,36.3885782957077,1.0,
SUM,4417099.0,66.0,190073.0,187349.0,22727444.0,356.0199575588729,66.0,0.0,1.822430208045081,0.17756979195491882,3476536.0,72.7771565914154,2.0,
