Executable,Stack Allocs,Stack Inspector Runs,Heap Allocs,Heap Frees,Summary Bytes Allocated,Average Bytes Per Allocation,Valgrind Runs,Valgrind Error Summary,Stack Allocs Fraction,Heap Allocs Fraction,Executable Size,Elapsed Time
./repos/c++/spdlog/build/tests/spdlog-utests,4086060.0,33.0,169374.0,169374.0,17671754.0,104.33569497089282,33.0,0.0,0.9601981842510072,0.0398018157489929,2558728.0,78.37645316123962
./repos/c++/spdlog/build/example/example,102465.0,1.0,17088.0,17088.0,4259331.0,249.25860252808988,1.0,0.0,0.8570675767232943,0.1429324232767057,688248.0,2.6477527618408203
AVERAGE,2094262.5,17.0,93231.0,93231.0,10965542.5,176.79714874949136,17.0,0.0,0.9086328804871507,0.09136711951284929,1623488.0,40.51210296154022
SUM,4188525.0,34.0,186462.0,186462.0,21931085.0,353.5942974989827,34.0,0.0,1.8172657609743015,0.18273423902569857,3246976.0,81.02420592308044
