Executable,Stack Allocs,Stack Inspector Runs,Heap Allocs,Heap Frees,Summary Bytes Allocated,Average Bytes Per Allocation,Valgrind Runs,Valgrind Error Summary,Stack Allocs Fraction,Heap Allocs Fraction,Executable Size,Elapsed Time
spdlog/build/tests/spdlog-utests,4088628,33,181729,181729,18462694,101.59464917542054,33,0,0.95744407317702007,0.042555926822979907,2558728,61.25825548171997
spdlog/build/example/example,102493,1,17088,17088,4259331,249.25860252808988,1,0,0.85710104448031044,0.14289895551968959,688248,2.414271116256714
