Executable,Stack Allocs,Stack Inspector Runs,Heap Allocs,Heap Frees,Summary Bytes Allocated,Average Bytes Per Allocation,Valgrind Runs,Valgrind Error Summary,Stack Allocs Fraction,Heap Allocs Fraction,Executable Size,Elapsed Time,Status,Reason
./repos/c++/yaml-cpp/build/test/yaml-cpp-tests,1334678915.0,1.0,359310.0,359310.0,51419345.0,143.10580000556624,1.0,0.0,0.9997308616388118,0.0002691383611881,10061432.0,95.34777402877808,True,
AVERAGE,1334678915.0,1.0,359310.0,359310.0,51419345.0,143.10580000556624,1.0,0.0,0.9997308616388118,0.0002691383611881,10061432.0,95.34777402877808,1.0,
SUM,1334678915.0,1.0,359310.0,359310.0,51419345.0,143.10580000556624,1.0,0.0,0.9997308616388118,0.0002691383611881,10061432.0,95.34777402877808,1.0,
